{
  "run_id": "baseline_20260701_171432",
  "features_path": "/Users/suresure/Documents/Becode/GitHub/Football-Match-Prediction-Project-FIFA-World-Cup-2026/src/modeling/training_features.csv",
  "artifact_label": "baseline",
  "training_rows": 5907,
  "temporal_split_year": 2018,
  "train_rows": 4616,
  "test_rows": 1291,
  "eval_accuracy": 0.5491866769945778,
  "in_sample_accuracy": 0.7166074149314373,
  "eval_report": {
    "A": {
      "precision": 0.49226804123711343,
      "recall": 0.5472779369627507,
      "f1-score": 0.5183175033921302,
      "support": 349.0
    },
    "D": {
      "precision": 0.38461538461538464,
      "recall": 0.17142857142857143,
      "f1-score": 0.23715415019762845,
      "support": 350.0
    },
    "H": {
      "precision": 0.6131191432396251,
      "recall": 0.7736486486486487,
      "f1-score": 0.6840926064227035,
      "support": 592.0
    },
    "accuracy": 0.5491866769945778,
    "macro avg": {
      "precision": 0.49666752303070777,
      "recall": 0.49745171901332363,
      "f1-score": 0.47985475333748734,
      "support": 1291.0
    },
    "weighted avg": {
      "precision": 0.5184999719635904,
      "recall": 0.5491866769945778,
      "f1-score": 0.5181096702209634,
      "support": 1291.0
    }
  },
  "in_sample_report": {
    "A": {
      "precision": 0.7069710055521283,
      "recall": 0.7140186915887851,
      "f1-score": 0.7104773713577185,
      "support": 1605.0
    },
    "D": {
      "precision": 0.806872037914692,
      "recall": 0.4203703703703704,
      "f1-score": 0.5527597402597403,
      "support": 1620.0
    },
    "H": {
      "precision": 0.6990122022080186,
      "recall": 0.8970917225950783,
      "f1-score": 0.7857609405617244,
      "support": 2682.0
    },
    "accuracy": 0.7166074149314373,
    "macro avg": {
      "precision": 0.7376184152249463,
      "recall": 0.677160261518078,
      "f1-score": 0.6829993507263944,
      "support": 5907.0
    },
    "weighted avg": {
      "precision": 0.7307553566370192,
      "recall": 0.7166074149314373,
      "f1-score": 0.7014047406190049,
      "support": 5907.0
    }
  },
  "feature_importance": {
    "elo_diff": 0.14582079648971558,
    "neutral": 0.0871056318283081,
    "home_elo": 0.06268127262592316,
    "away_elo": 0.06167575716972351,
    "home_recent_draws": 0.04909650236368179,
    "recent_win_diff": 0.04845237731933594,
    "away_recent_losses": 0.04827309027314186,
    "home_recent_goal_diff": 0.04804272949695587,
    "home_recent_goals_for": 0.04768233373761177,
    "home_recent_wins": 0.04628151282668114,
    "recent_goal_diff_diff": 0.046196553856134415,
    "away_recent_goals_for": 0.04599648714065552,
    "away_recent_goal_diff": 0.045305199921131134,
    "home_recent_losses": 0.045229021459817886,
    "away_recent_goals_against": 0.044335879385471344,
    "away_recent_draws": 0.044324830174446106,
    "home_recent_goals_against": 0.04258836433291435,
    "away_recent_wins": 0.040911734104156494
  },
  "feature_columns": [
    "home_elo",
    "away_elo",
    "elo_diff",
    "home_recent_wins",
    "home_recent_draws",
    "home_recent_losses",
    "home_recent_goals_for",
    "home_recent_goals_against",
    "home_recent_goal_diff",
    "away_recent_wins",
    "away_recent_draws",
    "away_recent_losses",
    "away_recent_goals_for",
    "away_recent_goals_against",
    "away_recent_goal_diff",
    "recent_win_diff",
    "recent_goal_diff_diff",
    "neutral"
  ],
  "xgb_params": {
    "objective": "multi:softprob",
    "num_class": 3,
    "n_estimators": 400,
    "max_depth": 4,
    "learning_rate": 0.05,
    "subsample": 0.8,
    "colsample_bytree": 0.8,
    "eval_metric": "mlogloss",
    "random_state": 42
  }
}