{
  "run_id": "augmented_20260629_174627",
  "features_path": "src/modeling/training_features_augmented.csv",
  "artifact_label": "augmented",
  "training_rows": 6095,
  "temporal_split_year": 2018,
  "train_rows": 4616,
  "test_rows": 1479,
  "eval_accuracy": 0.5537525354969574,
  "in_sample_accuracy": 0.7215750615258408,
  "eval_report": {
    "A": {
      "precision": 0.5212765957446809,
      "recall": 0.5932203389830508,
      "f1-score": 0.5549263873159683,
      "support": 413.0
    },
    "D": {
      "precision": 0.34269662921348315,
      "recall": 0.1548223350253807,
      "f1-score": 0.21328671328671328,
      "support": 394.0
    },
    "H": {
      "precision": 0.6173285198555957,
      "recall": 0.7633928571428571,
      "f1-score": 0.6826347305389222,
      "support": 672.0
    },
    "accuracy": 0.5537525354969574,
    "macro avg": {
      "precision": 0.49376724827125323,
      "recall": 0.5038118437170962,
      "f1-score": 0.4836159437138679,
      "support": 1479.0
    },
    "weighted avg": {
      "precision": 0.517345822377029,
      "recall": 0.5537525354969574,
      "f1-score": 0.5219405692485569,
      "support": 1479.0
    }
  },
  "in_sample_report": {
    "A": {
      "precision": 0.714201532115498,
      "recall": 0.7261833433193529,
      "f1-score": 0.7201426024955436,
      "support": 1669.0
    },
    "D": {
      "precision": 0.8,
      "recall": 0.42788461538461536,
      "f1-score": 0.557556773688332,
      "support": 1664.0
    },
    "H": {
      "precision": 0.7052451539338654,
      "recall": 0.8957277335264301,
      "f1-score": 0.7891547049441786,
      "support": 2762.0
    },
    "accuracy": 0.7215750615258408,
    "macro avg": {
      "precision": 0.7398155620164545,
      "recall": 0.6832652307434661,
      "f1-score": 0.6889513603760181,
      "support": 6095.0
    },
    "weighted avg": {
      "precision": 0.733566771495669,
      "recall": 0.7215750615258408,
      "f1-score": 0.7070283461916764,
      "support": 6095.0
    }
  },
  "feature_importance": {
    "elo_diff": 0.14309200644493103,
    "neutral": 0.08962325006723404,
    "away_elo": 0.06403039395809174,
    "home_elo": 0.06297822296619415,
    "home_recent_goal_diff": 0.04855936020612717,
    "away_recent_losses": 0.048231467604637146,
    "home_recent_draws": 0.04770440235733986,
    "home_recent_goals_for": 0.04769572615623474,
    "recent_win_diff": 0.04644443839788437,
    "home_recent_wins": 0.04592539370059967,
    "away_recent_draws": 0.0457061268389225,
    "recent_goal_diff_diff": 0.04538118466734886,
    "away_recent_goal_diff": 0.04487059637904167,
    "away_recent_goals_for": 0.044786762446165085,
    "home_recent_losses": 0.044703371822834015,
    "away_recent_goals_against": 0.04446961730718613,
    "away_recent_wins": 0.042912259697914124,
    "home_recent_goals_against": 0.042885418981313705
  },
  "feature_columns": [
    "home_elo",
    "away_elo",
    "elo_diff",
    "home_recent_wins",
    "home_recent_draws",
    "home_recent_losses",
    "home_recent_goals_for",
    "home_recent_goals_against",
    "home_recent_goal_diff",
    "away_recent_wins",
    "away_recent_draws",
    "away_recent_losses",
    "away_recent_goals_for",
    "away_recent_goals_against",
    "away_recent_goal_diff",
    "recent_win_diff",
    "recent_goal_diff_diff",
    "neutral"
  ],
  "xgb_params": {
    "objective": "multi:softprob",
    "num_class": 3,
    "n_estimators": 400,
    "max_depth": 4,
    "learning_rate": 0.05,
    "subsample": 0.8,
    "colsample_bytree": 0.8,
    "eval_metric": "mlogloss",
    "random_state": 42
  }
}